pair id,benchmark,benchmark id,solver,solver id,configuration,configuration id,status,cpu time,wallclock time,memory usage,result,expected
624215169,QF_SNIA/20180523-Reynolds/kaluza/sat/big/809.corecstrs.readable.smt2,17023861,Ostrich CA-Str,46472,def,766225,complete,5.31319,2.94013,1.5866312E7,sat,starexec-unknown
624215170,QF_SNIA/20180523-Reynolds/kaluza/sat/big/851.corecstrs.readable.smt2,17023862,Ostrich CA-Str,46472,def,766225,complete,5.25605,2.90379,1.5864264E7,sat,starexec-unknown
624215171,QF_SNIA/20180523-Reynolds/kaluza/sat/big/839.corecstrs.readable.smt2,17023863,Ostrich CA-Str,46472,def,766225,complete,5.19492,2.87565,1.5864264E7,sat,starexec-unknown
624215172,QF_SNIA/20180523-Reynolds/kaluza/sat/big/845.corecstrs.readable.smt2,17023864,Ostrich CA-Str,46472,def,766225,complete,5.24869,2.90929,1.5864264E7,sat,starexec-unknown
624215173,QF_SNIA/20180523-Reynolds/kaluza/sat/big/821.corecstrs.readable.smt2,17023865,Ostrich CA-Str,46472,def,766225,complete,5.36862,3.01406,1.5864264E7,sat,starexec-unknown
624215174,QF_SNIA/20180523-Reynolds/kaluza/sat/big/825.corecstrs.readable.smt2,17023866,Ostrich CA-Str,46472,def,766225,complete,5.38267,2.93247,1.5864264E7,sat,starexec-unknown
624215175,QF_SNIA/20180523-Reynolds/kaluza/sat/big/849.corecstrs.readable.smt2,17023867,Ostrich CA-Str,46472,def,766225,complete,5.25483,2.88999,1.5864264E7,sat,starexec-unknown
624215176,QF_SNIA/20180523-Reynolds/kaluza/sat/big/811.corecstrs.readable.smt2,17023868,Ostrich CA-Str,46472,def,766225,complete,5.36982,2.93037,1.5864264E7,sat,starexec-unknown
624215177,QF_SNIA/20180523-Reynolds/kaluza/sat/big/822.corecstrs.readable.smt2,17023869,Ostrich CA-Str,46472,def,766225,complete,5.42139,2.96784,1.5864264E7,sat,starexec-unknown
624215178,QF_SNIA/20180523-Reynolds/kaluza/sat/big/812.corecstrs.readable.smt2,17023870,Ostrich CA-Str,46472,def,766225,complete,5.26753,2.89223,1.5864264E7,sat,starexec-unknown
624215179,QF_SNIA/20180523-Reynolds/kaluza/sat/big/826.corecstrs.readable.smt2,17023871,Ostrich CA-Str,46472,def,766225,complete,5.43285,2.94799,1.5864264E7,sat,starexec-unknown
624215180,QF_SNIA/20180523-Reynolds/kaluza/sat/big/846.corecstrs.readable.smt2,17023872,Ostrich CA-Str,46472,def,766225,complete,5.24925,2.88186,1.5864264E7,sat,starexec-unknown
624215181,QF_SNIA/20180523-Reynolds/kaluza/sat/big/820.corecstrs.readable.smt2,17023873,Ostrich CA-Str,46472,def,766225,complete,5.36661,2.91836,1.5864264E7,sat,starexec-unknown
624215182,QF_SNIA/20180523-Reynolds/kaluza/sat/big/824.corecstrs.readable.smt2,17023874,Ostrich CA-Str,46472,def,766225,complete,5.40067,2.92801,1.5864264E7,sat,starexec-unknown
624215183,QF_SNIA/20180523-Reynolds/kaluza/sat/big/808.corecstrs.readable.smt2,17023875,Ostrich CA-Str,46472,def,766225,complete,5.29251,2.90488,1.5864264E7,sat,starexec-unknown
624215184,QF_SNIA/20180523-Reynolds/kaluza/sat/big/840.corecstrs.readable.smt2,17023876,Ostrich CA-Str,46472,def,766225,complete,5.23122,2.89684,1.5864264E7,sat,starexec-unknown
624215185,QF_SNIA/20180523-Reynolds/kaluza/sat/big/838.corecstrs.readable.smt2,17023877,Ostrich CA-Str,46472,def,766225,complete,5.25075,2.87911,1.5864264E7,sat,starexec-unknown
624215186,QF_SNIA/20180523-Reynolds/kaluza/sat/big/843.corecstrs.readable.smt2,17023878,Ostrich CA-Str,46472,def,766225,complete,5.25443,2.89802,1.5864264E7,sat,starexec-unknown
624215187,QF_SNIA/20180523-Reynolds/kaluza/sat/big/823.corecstrs.readable.smt2,17023879,Ostrich CA-Str,46472,def,766225,complete,5.372,2.91475,1.5864264E7,sat,starexec-unknown
624215188,QF_SNIA/20180523-Reynolds/kaluza/sat/big/827.corecstrs.readable.smt2,17023880,Ostrich CA-Str,46472,def,766225,complete,5.3951,2.9306,1.5864264E7,sat,starexec-unknown
624215189,QF_SNIA/20180523-Reynolds/kaluza/sat/small/2007.corecstrs.readable.smt2,17023881,Ostrich CA-Str,46472,def,766225,complete,4.8884,2.76013,1.5864264E7,sat,starexec-unknown
624215190,QF_SNIA/20180523-Reynolds/kaluza/sat/small/1597.corecstrs.readable.smt2,17023882,Ostrich CA-Str,46472,def,766225,complete,5.01147,2.79577,1.5864264E7,sat,starexec-unknown
624215191,QF_SNIA/20180523-Reynolds/kaluza/sat/small/1634.corecstrs.readable.smt2,17023883,Ostrich CA-Str,46472,def,766225,complete,4.9836,2.79965,1.5864264E7,sat,starexec-unknown
624215192,QF_SNIA/20180523-Reynolds/kaluza/sat/small/1568.corecstrs.readable.smt2,17023884,Ostrich CA-Str,46472,def,766225,complete,5.06912,2.81317,1.5864264E7,sat,starexec-unknown
624215193,QF_SNIA/20180523-Reynolds/kaluza/sat/small/1885.corecstrs.readable.smt2,17023885,Ostrich CA-Str,46472,def,766225,complete,4.91317,2.7838,1.5864264E7,sat,starexec-unknown
624215194,QF_SNIA/20180523-Reynolds/kaluza/sat/small/1574.corecstrs.readable.smt2,17023886,Ostrich CA-Str,46472,def,766225,complete,5.03492,2.79851,1.5864264E7,sat,starexec-unknown
624215195,QF_SNIA/20180523-Reynolds/kaluza/sat/small/1550.corecstrs.readable.smt2,17023887,Ostrich CA-Str,46472,def,766225,complete,5.02491,2.83695,1.5864264E7,sat,starexec-unknown
624215196,QF_SNIA/20180523-Reynolds/kaluza/sat/small/1628.corecstrs.readable.smt2,17023888,Ostrich CA-Str,46472,def,766225,complete,4.98574,2.79351,1.5864264E7,sat,starexec-unknown
624215197,QF_SNIA/20180523-Reynolds/kaluza/sat/small/1907.corecstrs.readable.smt2,17023889,Ostrich CA-Str,46472,def,766225,complete,4.9856,2.80607,1.5864264E7,sat,starexec-unknown
624215198,QF_SNIA/20180523-Reynolds/kaluza/sat/small/1554.corecstrs.readable.smt2,17023890,Ostrich CA-Str,46472,def,766225,complete,5.01088,2.82817,1.5864264E7,sat,starexec-unknown
624215199,QF_SNIA/20180523-Reynolds/kaluza/sat/small/1567.corecstrs.readable.smt2,17023891,Ostrich CA-Str,46472,def,766225,complete,5.05189,2.79731,1.5864264E7,sat,starexec-unknown
624215200,QF_SNIA/20180523-Reynolds/kaluza/sat/small/1910.corecstrs.readable.smt2,17023892,Ostrich CA-Str,46472,def,766225,complete,4.94434,2.78742,1.5864264E7,sat,starexec-unknown
624215201,QF_SNIA/20180523-Reynolds/kaluza/sat/small/1588.corecstrs.readable.smt2,17023893,Ostrich CA-Str,46472,def,766225,complete,4.98197,2.78667,1.5864264E7,sat,starexec-unknown
624215202,QF_SNIA/20180523-Reynolds/kaluza/sat/small/1553.corecstrs.readable.smt2,17023894,Ostrich CA-Str,46472,def,766225,complete,5.04781,2.84934,1.5864264E7,sat,starexec-unknown
624215203,QF_SNIA/20180523-Reynolds/kaluza/sat/small/2008.corecstrs.readable.smt2,17023895,Ostrich CA-Str,46472,def,766225,complete,4.96251,2.75896,1.5864264E7,sat,starexec-unknown
624215204,QF_SNIA/20180523-Reynolds/kaluza/sat/small/1598.corecstrs.readable.smt2,17023896,Ostrich CA-Str,46472,def,766225,complete,4.98982,2.78908,1.5864264E7,sat,starexec-unknown
624215205,QF_SNIA/20180523-Reynolds/kaluza/sat/small/1573.corecstrs.readable.smt2,17023897,Ostrich CA-Str,46472,def,766225,complete,10.0643,2.81886,1.5864264E7,sat,starexec-unknown
624215206,QF_SNIA/20180523-Reynolds/kaluza/sat/small/1997.corecstrs.readable.smt2,17023898,Ostrich CA-Str,46472,def,766225,complete,4.96318,2.81946,1.5864264E7,sat,starexec-unknown
624215207,QF_SNIA/20180523-Reynolds/kaluza/sat/small/1557.corecstrs.readable.smt2,17023899,Ostrich CA-Str,46472,def,766225,complete,5.0461,2.82014,1.5864264E7,sat,starexec-unknown
624215208,QF_SNIA/20180523-Reynolds/kaluza/sat/small/1627.corecstrs.readable.smt2,17023900,Ostrich CA-Str,46472,def,766225,complete,4.97571,2.79641,1.5864264E7,sat,starexec-unknown
624215209,QF_SNIA/20180523-Reynolds/kaluza/sat/small/1594.corecstrs.readable.smt2,17023901,Ostrich CA-Str,46472,def,766225,complete,5.28424,3.00745,1.5864264E7,sat,starexec-unknown
624215210,QF_SNIA/20180523-Reynolds/kaluza/sat/small/1637.corecstrs.readable.smt2,17023902,Ostrich CA-Str,46472,def,766225,complete,5.00867,2.82712,1.5864264E7,sat,starexec-unknown
624215211,QF_SNIA/20180523-Reynolds/kaluza/sat/small/1886.corecstrs.readable.smt2,17023903,Ostrich CA-Str,46472,def,766225,complete,5.00172,2.81624,1.5864264E7,sat,starexec-unknown
624215212,QF_SNIA/20180523-Reynolds/kaluza/sat/small/1633.corecstrs.readable.smt2,17023904,Ostrich CA-Str,46472,def,766225,complete,4.94031,2.79391,1.5864264E7,sat,starexec-unknown
624215213,QF_SNIA/20180523-Reynolds/kaluza/sat/small/1590.corecstrs.readable.smt2,17023905,Ostrich CA-Str,46472,def,766225,complete,4.99948,2.79158,1.5864264E7,sat,starexec-unknown
624215214,QF_SNIA/20180523-Reynolds/kaluza/sat/small/1908.corecstrs.readable.smt2,17023906,Ostrich CA-Str,46472,def,766225,complete,4.93409,2.77873,1.5864264E7,sat,starexec-unknown
624215215,QF_SNIA/20180523-Reynolds/kaluza/sat/small/2010.corecstrs.readable.smt2,17023907,Ostrich CA-Str,46472,def,766225,complete,4.90854,2.75504,1.5864264E7,sat,starexec-unknown
624215216,QF_SNIA/20180523-Reynolds/kaluza/sat/small/1575.corecstrs.readable.smt2,17023908,Ostrich CA-Str,46472,def,766225,complete,10.0575,2.81487,1.5864264E7,sat,starexec-unknown
624215217,QF_SNIA/20180523-Reynolds/kaluza/sat/small/1551.corecstrs.readable.smt2,17023909,Ostrich CA-Str,46472,def,766225,complete,5.06129,2.79845,1.5864264E7,sat,starexec-unknown
624215218,QF_SNIA/20180523-Reynolds/kaluza/sat/small/1555.corecstrs.readable.smt2,17023910,Ostrich CA-Str,46472,def,766225,complete,5.02891,2.79821,1.5864264E7,sat,starexec-unknown
624215219,QF_SNIA/20180523-Reynolds/kaluza/sat/small/1596.corecstrs.readable.smt2,17023911,Ostrich CA-Str,46472,def,766225,complete,4.99129,2.79503,1.5864264E7,sat,starexec-unknown
624215220,QF_SNIA/20180523-Reynolds/kaluza/sat/small/1635.corecstrs.readable.smt2,17023912,Ostrich CA-Str,46472,def,766225,complete,5.00948,2.80409,1.5864264E7,sat,starexec-unknown
624215221,QF_SNIA/20180523-Reynolds/kaluza/sat/small/1884.corecstrs.readable.smt2,17023913,Ostrich CA-Str,46472,def,766225,complete,4.91371,2.76242,1.5864264E7,sat,starexec-unknown
624215222,QF_SNIA/20180523-Reynolds/kaluza/sat/small/1595.corecstrs.readable.smt2,17023914,Ostrich CA-Str,46472,def,766225,complete,5.06359,2.89849,1.5864264E7,sat,starexec-unknown
624215223,QF_SNIA/20180523-Reynolds/kaluza/sat/small/1636.corecstrs.readable.smt2,17023915,Ostrich CA-Str,46472,def,766225,complete,9.85592,2.80657,1.5864264E7,sat,starexec-unknown
624215224,QF_SNIA/20180523-Reynolds/kaluza/sat/small/1626.corecstrs.readable.smt2,17023916,Ostrich CA-Str,46472,def,766225,complete,4.97139,2.78591,1.5864264E7,sat,starexec-unknown
624215225,QF_SNIA/20180523-Reynolds/kaluza/sat/small/1909.corecstrs.readable.smt2,17023917,Ostrich CA-Str,46472,def,766225,complete,4.97973,2.81109,1.5864264E7,sat,starexec-unknown
624215226,QF_SNIA/20180523-Reynolds/kaluza/sat/small/1552.corecstrs.readable.smt2,17023918,Ostrich CA-Str,46472,def,766225,complete,5.11909,2.8955,1.5864264E7,sat,starexec-unknown
624215227,QF_SNIA/20180523-Reynolds/kaluza/sat/small/2009.corecstrs.readable.smt2,17023919,Ostrich CA-Str,46472,def,766225,complete,4.89266,2.75501,1.5864264E7,sat,starexec-unknown
624215228,QF_SNIA/20180523-Reynolds/kaluza/sat/small/1576.corecstrs.readable.smt2,17023920,Ostrich CA-Str,46472,def,766225,complete,9.96875,2.8019,1.5864264E7,sat,starexec-unknown
624215229,QF_SNIA/20180523-Reynolds/kaluza/sat/small/1566.corecstrs.readable.smt2,17023921,Ostrich CA-Str,46472,def,766225,complete,5.05392,2.80751,1.5864264E7,sat,starexec-unknown
624215230,QF_SNIA/20180523-Reynolds/kaluza/sat/small/1589.corecstrs.readable.smt2,17023922,Ostrich CA-Str,46472,def,766225,complete,4.98938,2.79538,1.5864264E7,sat,starexec-unknown
624215231,QF_SNIA/20180523-Reynolds/kaluza/sat/small/1911.corecstrs.readable.smt2,17023923,Ostrich CA-Str,46472,def,766225,complete,4.97204,2.81606,1.5864264E7,sat,starexec-unknown
624215232,QF_SNIA/20180523-Reynolds/kaluza/sat/small/1572.corecstrs.readable.smt2,17023924,Ostrich CA-Str,46472,def,766225,complete,5.06728,2.85034,1.5864264E7,sat,starexec-unknown
624215233,QF_SNIA/20180523-Reynolds/kaluza/sat/small/1556.corecstrs.readable.smt2,17023925,Ostrich CA-Str,46472,def,766225,complete,10.0184,2.80679,1.5864264E7,sat,starexec-unknown
624215234,QF_SNIA/20200224-Wu-PyExZ3/e007cfdcf4dd61007107222cbedbb46ad161a945ab5ee0a68d3f585a.smt2,17023856,Ostrich CA-Str,46472,def,766225,complete,4.46036,2.50964,1.5730556E7,sat,starexec-unknown
624215235,QF_SNIA/20200224-Wu-PyExZ3/bdcb3877984a55b540face066045c4642cba1bc553af78576a41a76e.smt2,17023857,Ostrich CA-Str,46472,def,766225,complete,3.35126,1.9269,1.5594872E7,sat,starexec-unknown
624215236,QF_SNIA/20200224-Wu-PyExZ3/dddb9cc1f86d5738fd85ffa1b430c4e9df9771c0fffa945b9b414772.smt2,17023858,Ostrich CA-Str,46472,def,766225,complete,2.96564,1.75012,1.5594872E7,sat,starexec-unknown
624215237,QF_SNIA/20200224-Wu-PyExZ3/5735c9082c3f9cd487c6376032029bb499ba1f87113dc9ca03adc6bc.smt2,17023859,Ostrich CA-Str,46472,def,766225,complete,3.06216,1.80397,1.5594872E7,sat,starexec-unknown
624215238,QF_SNIA/20200224-Wu-PyExZ3/f72b09bc9444f702ad7cdf3a9075754e71d673f3d134d9f485f6608a.smt2,17023860,Ostrich CA-Str,46472,def,766225,complete,5.01891,2.6912,1.5730556E7,sat,starexec-unknown
